,doc_id,doc_text,topic
0,18563939_11,cash flows from operating activities net income adjustments reconcile net income net cash provided operating activities depreciation and amortization deferred income taxes gain loss sale property and equipment stock based compensation expense net excess tax benefit related stock options exercise gain sale investment securities equity earnings affiliates provision for doubtful accounts net others net changes assets and liabilities net effects acquisitions accounts receivable and unbilled revenue other assets accounts payable accrued employee costs other liabilities net cash provided operating activities cash flows from investing activities investment term deposit with banks proceeds from term deposit with banks maturity investment term deposits with corporation proceeds from term deposits with corporation maturity purchase property and equipment and intangibles proceeds from sale property and equipment purchase investment securities proceeds from sale investment securities purchase other investment acquisition business net cash acquired net cash deconsolidated subsidiaries investment equity method investee net cash used investing activities cash flows from operating activities adjustments reconcile net income net cash provided operating activities changes assets and liabilities net effects acquisitions cash flows from investing activities cash flows from operating activities adjustments reconcile net income net cash provided operating activities changes assets and liabilities net effects acquisitions cash flows from investing activities cash flows from operating activities adjustments reconcile net income net cash provided operating activities changes assets and liabilities net effects acquisitions cash flows from investing activities,Cash Flow
1,18563939_13,cash flows from financing activities decrease increase principal under capital lease obligations net proceeds from short term borrowings repayment short term borrowings proceeds from long term debt repayment long term debt buyback equity shares including transaction cost payment for deferred consideration business acquisition proceeds from issuance equity shares proceeds from subscription shares pending allotment dividend paid excess tax benefit related stock options exercise net cash used financing activities effect exchange rate changes cash and cash equivalents net increase decrease cash and cash equivalents cash and cash equivalents the beginning the year cash and cash equivalents the end the year supplemental disclosures cash flow shares issued for consideration other than cash acquisition business geometric limited property and equipment acquired under capital lease obligation cash payments for interest expenses cash payments for income taxes,Cash Flow
2,18563939_14,deposits with banks having maturities less than three months other cash and bank balances total march march,Cash Flow
3,18599651_table_100,particulars cash flow from operating activities net profit before tax adjustments for depreciation and amortization expense employee stock option compensation cost interest income provision for doubtful accounts net write back debts and advances written off dividend from investments profit sale property plant and equipment net exchange rate difference net unrealised interest expense share profit associate operating profit before working capital changes adjustments for trade receivables and other assets trade payables and other liabilities cash generated from operations direct taxes paid net net cash from operating activities cash flow from investing activities purchase property plant and equipment proceeds from sale property plant and equipment purchase investments proceeds from sale redemption investments investment associate dividend from investments interest received net cash used investing activities cash flow from financing activities proceeds from issue shares share application money net buy back shares including expenses incurred buy back interest paid dividend paid including corporate dividend tax net cash used financing activities net increase decrease cash and cash equivalents cash and cash equivalents the beginning the year add unrealised loss gain foreign currency cash and cash equivalents cash and cash equivalents the end the year refer note the accompanying notes form integral part the consolidated financial statements per our report even date for price waterhouse chartered accountants llp for and behalf the board directors firm registration chartered accountants sumit seth atul nishar partner chairman membership number bharat shah director place mumbai christian oecking dated february director add unrealised loss gain foreign currency cash and cash equivalents the accompanying notes form integral part the consolidated financial statements for price waterhouse chartered accountants llp for and behalf the board directors srikrishna ceo executive director vice chairman chandrasekar director rajesh kanani chief financial officer for the year ended december jimmy mahtani ceo executive director vice chairman meera shankar director gunjan methi company secretary for the year ended december dileep choksi director basab pradhan director company secretary,Cash Flow
4,18599651_table_161,particulars cash flow from operating activities net profit before tax adjustments for depreciation and amortization expense employee stock option compensation cost interest income provision for doubtful accounts net writeback debts and advances written off dividend from current investments profit sale property plant and equipments ppe and intagible exchange rate difference net unrealised interest expense operating profit before working capital changes adjustments for trade receivables and other assets trade payables and other liabilities cash generated from operations direct taxes paid net net cash from operating activities cash flow from investing activities purchase ppe intangible assets and cwip including advances interest received purchase current investments proceeds from sale redemption current investments investment subsidiaries dividend from current investments proceeds from sale ppe net cash used investing activities cash flow from financing activities proceeds from issue shares share application money net buy back shares including expenses incurred buy back interest paid dividend paid including corporate dividend tax net cash used financing activities net decrease increase cash and cash equivalents cash and cash equivalents the beginning the year unrealised loss gain foreign currency cash cash equivalents cash and cash equivalents the end the year refer note per our report even date for price waterhouse chartered accountants llp for and behalf the board directors firm registration chartered accountants sumit seth atul nishar partner chairman membership number bharat shah director place mumbai christian oecking dated february director assets net for price waterhouse chartered accountants llp for and behalf the board directors srikrishna ceo executive director chandrasekar director rajesh kanani chief financial officer for year ended cember jimmy mahtani vice chairman meera shankar director gunjan methi company secretary for year ended december dileep choksi director basab pradhan director company secretary,Cash Flow
5,18600361_table_65,description description cash inflow outflow from operating activities profit before tax add less depreciation interest income interest expense profit sale fixed assets operating profit before working capital changes adjustment for inventories trade and other receivable trade and other payable cash generated from operations before tax tax paid tax refund cash inflow outflow from operating activities profit before tax add less depreciation interest income interest expense profit sale fixed assets operating profit before working capital changes adjustment for inventories trade and other receivable trade and other payable cash generated from operations before tax tax paid tax refund cash inflow outflow from operating activities profit before tax add less depreciation interest income interest expense profit sale fixed assets operating profit before working capital changes adjustment for inventories trade and other receivable trade and other payable cash generated from operations before tax tax paid tax refund net cash inflow outflow from operating activities cash inflow outflow from investing activities acquisition fixed assets capital work progress sale fixed assets interest received net cash inflow outflow from investing activities cash inflow outflow from financing activities secured loan repaymentof loan interest paid unsecured loan net cash inflow outflow from financing activities net increase decrease cash and cash equivalent add cash and cash equivalent the beginning the year cash and cash equivalent the end year year ended march year ended march,Cash Flow
6,18612942_table_29,particulars net profit before tax add depreciation add misc expenses add interest less interest received operating profit increase inventories increase debtors increase loan advances increase decrease current liabilities cash generated from operations less tax expense less interest paid cash from operations increase investments add process materials add additions fixed assets add increase capital work progress add capital expenditure net cash used investing receipts from share capital receipts from new borrowings net cash used financing activity net cash flow opening balance net cash flow cash and cash equivalents,Cash Flow
7,18630219_table_52,cash flow from investing activities fixed asset additions cash flow from financing activities increase decrease long term borrowings increase decrease advances deposits interest paid net increase cash cash equivalents opening balance cash cash equivalents closing balance cash cash equivalents reconciliation cash and cash equivalents with balance sheet cash and cash eqivalents per balance sheet refer note net cash and cash equivalents per cash flow statement per cash flow from investing activities cash flow from investing activities,Cash Flow
8,18630222_table_135,particulars cash flow from operating activities profit before tax adjustments for depreciation and amortisation expense profit loss sale disposal write off property plant and equipment finance cost interest income mark market loss derivative contracts sundry credit balances provisions longer required written back unrealised exchange gain loss inventory obsolescence allowance for doubtful receivables share profits associates liquidated damages operating profit loss before working capital changes adjustment for changes working capital increase decrease operating assets inventories trade receivables loans other financial assets other assets increase decrease operating liabilities trade payables other financial liabilities other liabilities provisions cash generated from operations direct taxes paid net cash flow from operating activities cash flow from investing activities purchase property plant and equipment intangible assets proceeds from sale property plant and equipment intangible assets year ended december year ended december,Cash Flow
9,18630222_table_137,particulars bank balances not considered cash and cash equivalents interest received income from trade investments non current net cash flow used investing activities cash flow from financing activities increase decrease working capital borrowings finance cost dividends paid tax dividend net cash flow from used financing activities net increase decrease cash and cash equivalents cash and cash equivalents opening balance effects exchange rate changes cash and cash equivalents cash and cash equivalents closing balance year ended december year ended december,Cash Flow
10,18630222_table_73,particulars bank balances not considered cash and cash equivalents interest deposits dividend investment associate net cash flow used investing activities cash flow from financing activities increase decrease working capital borrowings finance cost dividends paid tax dividend net cash flow from used financing activities net increase decrease cash and cash equivalents cash and cash equivalents opening balance effects exchange rate changes cash and cash equivalents cash and cash equivalents closing balance year ended december year ended december year ended december year ended december,Cash Flow
11,18646837_table_63,particulars cash flow from operating activities profit before tax adjustment for depreciation and amortization unrealised exchange gain loss net profit loss sale fixed assets net finance costs interest income share based payment provision for doubtful debt and advances provision longer required written back operating profit before working capital changes adjustments for increase decrease operating assets trade receivables current financial assets other current assets non current financial assets other non current assets inventories adjustments for increase decrease operating liabilities employee benefit payables trade payables current financial liabilities other current liabilities cash generated from operations taxes paid net refunds net cash flow from operating activities cash flow from investment activities sale proceeds property plant and equipment interest received inter corporate deposits given inter corporate deposits repaid purchase property plant and equipment intangibles net cash used investing activities year ended december year ended december,Cash Flow
12,18646837_table_64,particulars cash flow from financing activities interim and final dividend paid dividend distribution tax paid thereon net cash used financing activities net decrease increase cash cash equivalents effect exchange differences cash cash equivalents held foreign currency cash and cash equivalents the beginning the year cash and cash equivalents the end the year components cash and cash equivalents cash and cash equivalents per note year ended december year ended december,Cash Flow
13,18646845_table_52,for the year ended december cash flow from operating activities net profit before tax and exceptional items adjustments for depreciation and amortisation unrealised foreign exchange loss gain net interest income dividend income finance cost unwinding discount liabilities net interest net defined benefit liability provision for doubtful debts made written back bad debts written off profit loss current investments measured fair value through profit and loss profit loss sale current investments fixed assets written off provision for sales tax made written back mark market gain loss derivative financial instruments group stock option arrangement stock appreciation right scheme profit loss sale fixed assets net cash generated from operations before working capital changes working capital adjustments adjustments for increase decrease trade receivables increase decrease inventories increase decrease non current and current financial assets increase decrease non current and current assets increase decrease trade payables increase decrease other non current and current financial liabilities increase decrease other non current and current liabilities increase decrease non current and current provisions cash generated from operations taxes paid net refunds net cash flows from operating activities exceptional item refer note net cash used generated from operating activities cash flow from investing activities purchase property plant and equipment proceeds from sale property plant and equipment purchase current investments sale current investments investment proceeds from deposits with bank dividend received interest received net cash flows from used investing activities for the year ended december december inr lacs for the year ended december december inr lacs,Cash Flow
14,18646845_table_53,cash flow from financing activities interest paid repayment sales tax deferral loan repayment long term borrowings repayment short term borrowings dividends paid including dividend tax thereon net cash flows from used financing activities net increase decrease cash andcash equivalents cash and cash equivalents the beginning the year cash and cash equivalents the end the year december inr lacs december inr lacs,Cash Flow
15,18661963_table_36,particulars cash flow from operating activities net profit before tax and extraordinary items extraordinary items net profit loss before tax and extraordinary items adjustment for depreciation interest paid interest received operating profit before working capital changes adjustment for trade and other receivables net inventories trade payables cash generated from operations direct tax paid net cash generated from operating activities cash flow from investment activities purchase fixed assets investment partnership firm interest income sale investments net cash used investment activities cash flow from financing activities proceeds from issue share capital proceeds from short term borrowings repayment finance lease liabilities dividend paid net cash used financing activities activities net increase decrease cash and cash equavalents cash and cash equavalent opening cash and cash equavalent closing lakhs nil nil nil nil nil nil nil nil lakhs nil nil nil nil nil nil,Cash Flow
16,18661964_table_39,cash flow statement for the year ended march particulars cash flow statement for the year ended march particulars cash flow from operating activities net profit loss before tax and extraordinary income adjustments for provision for income tax depreciation amortization expense operating profit loss before working capital changes working capital changes increase decrease trade receivables increase decrease inventories increase decrease other receivables increase decrease other current assets increase decrease short term provisions increase decrease other current liabilities increase decrease trade payables net cash from operating activities before income tax less income tax paid during the year net cash from operating activities cash flow from investing activities increase decrease fixed assets increase decrease short term loans advances increase decrease investments increase decrease long term loans advances net cash from investing activities cash flow from financing activities transfer reserves increase decrease long term borrowings increase decrease lond term provisions net cash used financing activities net increase decrease cash and cash equivalents cash and cash equivalents opening balance closing balance per the report even date attached for shah parmar mehta chartered accountants firm sanjay shah partner membership place mumbai date cash flow statement for the year ended march year ended for and behalf the board directors pritesh solanki director din cash flow statement for the year ended march year ended for and behalf the board directors prafulchandra zaveri director din cash flow statement for the year ended march year ended prafulchandra zaveri din,Cash Flow
17,18661965_table_39,particulars particulars cash flow from operating activities net profit loss before tax and extraordinary income adjustments for provision for income tax depreciation amortization expense operating profit loss before working capital changes working capital changes increase decrease trade receivables increase decrease inventories increase decrease other receivables increase decrease other current assets increase decrease short term provisions increase decrease other current liabilities increase decrease trade payables net cash from operating activities before income tax less income tax paid during the year net cash from operating activities cash flow from investing activities increase decrease fixed assets increase decrease short term loans advances increase decrease investments increase decrease long term loans advances net cash from investing activities cash flow from financing activities transfer reserves increase decrease long term borrowings increase decrease lond term provisions net cash used financing activities net increase decrease cash and cash equivalents cash and cash equivalents opening balance closing balance per the report even date attached for motilal associates chartered accountants firm mokshesh shah partner membership place mumbai date year ended for and behalf the board directors pritesh solanki director din year ended for and behalf the board directors prafulchandra zaveri director din,Cash Flow
18,18699662_table_26,cash flow from operating activities net profit before tax and extraordinary items adjustments for depreciation amortisation operating profit before working capital changes adjustments for increase decrease rade other receivables increase decrease loan advances and other assets increase decrease rade payables and other liabilities cash generated from operations income tax paid income tax refund net cash from operating activities cash flow from investing activities increase decrease long term advances assets net cash used investing activities cash flow from financing activities proceeds from long term short term borrowings unsecured net cash from financing activities net increase decrease cash cash equivalents cash and cash equivalents april cash and cash equivalents march standalone standalone standalone consolidated consolidated consolidated,Cash Flow
19,18731570_table_44,cash flow from operating activities profit before taxation adjustments for depreciation amortisation finance cost interest income unrealised foreign exchange loss profit loss sale assets provision for other liabilitie provision for doubtful trade and other receivables loans and advances provision for warranty liabilities provisio longer required written back operating profit before working capital changes adjustments for changes working capital increase decrease inventories increase other non current assets increase decrease long term loans and advances increase decrease trade receivables increase decrease short term loans and advances increase decrease other current assets decrease increase trade and other payables cash generated from operations direct taxes refund paid net net cash from operating activities cash flow from investing activities purchase fixed assets proceeds from sale fixed assets purchase investments investments bank deposits interest income net cash generated used investing activities year ended december year ended december,Cash Flow
20,18731570_table_45,note december cash flow from financing activities dividend dividend tax interest net cash used financing activities net increase decrease cash and cash equivalents cash and cash equivalents the beginning the cash and cash equivalents the end the year cash and cash equivalents the end the year comprise cash hand cheques hand bank balances current accounts deposits with maturity less than months cash and cash equivalents refer note note the above cash flow statement has been prepared december year cash and cash equivalents the end the year comprise under december the indirect method december set out accounting,Cash Flow
21,18731570_table_94,cash flow from operating activities profit before taxation adjustments for depreciation amortisation finance cost interest income unrealised foreign exchange loss loss gain sale assets provision for other liabilitie provision for doubtful trade and other receivables loans and provision for warranty liabilities provisions longer required written back operating profit before working capital changes adjustments for changes working capital increase decrease inventories increase decrease other non current assets increase decrease long term loans and advances increase decrease trade receivables increase decrease short term loans and advances increase other current assets decrease increase trade and other payables cash generated from operations direct taxes refund paid net net cash from operating activities cash flow from investing activities purchase fixed assets proceeds from sale fixed assets purchase non current investments investment fixed deposits interest income net cash generated used investing activities year ended december advances year ended december,Cash Flow
22,18731571_table_52,particulars cash flow from operating activities profit before tax adjustments for depreciation and amortisation expenses gain disposal write off property plant and equipment and intangible assets net impairment loss provision for doubtful advances net provision for doubtful debts net expense recognised respect share based payments loss fair valuation forward contract unrealized foreign exchange gain loss interest expense interest income debts written off write back operating profit before working capital changes movements working capital decrease increase inventories decrease increase trade and other receivables increase decrease trade and other payables and provisions cash generated from used operations income tax refund payment net including interest net cash flow from operating activities cash flow from investing activities purchase property plant and equipment including capital work progress proceeds from sale property plant and equipment placement bank deposits encashment bank deposits interest received net cash flow from used investing activities particulars for the year ended december rupees crores for the year ended december rupees crores,Cash Flow
23,18731571_table_53,particulars cash flow from financing activities dividend paid dividend distribution tax paid interest paid unclaimed dividend account net cash flow used financing activities net increase decrease cash and cash equivalents cash and cash equivalents the beginning the year cash and cash equivalents the end the year components cash and cash equivalents cash hand current accounts deposits with banks cheques hand total cash and cash equivalents note for the year ended december rupees crores for the year ended december rupees crores for the year ended december rupees crores,Cash Flow
24,18779279_table_166,cash flow from operating activities profit before tax adjustments for depreciation and amortisation expense share based payment credit expense net refer note interest expense interest income unwinding discount security deposits net gain disposal property plant and equipment gain sale current investments bad and doubtful debts net provision remeasurement gain loss defined benefit plan deferred rent amortisation amortisation ancillary borrowing costs exchange adjustments net operating profit before working capital changes adjustments for increase decrease trade and other receivables increase decrease inventories increase decrease trade and other payables cash generated from operations direct taxes paid net refunds net cash from operating activities cash flow from investing activities purchase property plant and equipment including capital work inprogress sale property plant and equipment decrease other bank balances repayment received loan taken over pursuant scheme amalgamation refer note purchase current investments sale current investments increase decrease other receivables subsidiaries net interest received net cash from used investing activities,Cash Flow
25,18779279_table_167,cash flow from financing activities proceeds from issue equity shares including securities premium lakhs march lakhs proceeds from issue non convertible debentures redemption non convertible debentures proceeds from long term borrowings repayment long term borrowings proceeds from short term borrowings repayment short term borrowings increase other borrowings net principal payment under finance lease interest paid ancillary borrowing costs incurred dividend paid including tax expenses incurred pursuant the scheme amalgamation refer note net cash used financing activities net changes cash and cash equivalents cash and cash equivalents the beginning the year cash and cash equivalents acquired pursuant the scheme amalgamation refer note cash and cash equivalents the end the year,Cash Flow
26,18779279_table_293,cash flow from financing activities proceeds from issue equity shares including securities premium lakhs march lakhs proceeds from issue non convertible debentures redemption non convertible debentures proceeds from long term borrowings repayment long term borrowings proceeds from short term borrowings repayment short term borrowings increase decrease other borrowings net principal payment under finance lease interest paid ancillary borrowing cost incurred dividend paid including tax dividend paid non controlling interests expenses incurred pursuant the scheme amalgamation refer note net cash used financing activities net changes cash and cash equivalents cash and cash equivalents the beginning the year cash and cash equivalents acquired pursuant the scheme amalgamation refer note cash and cash equivalents taken over acquisition subsidiary refer note cash and cash equivalents the end the year,Cash Flow
27,18888243_table_154,cash flow from operating activities net profit after interest depreciation but before tax depreciation interest paid interest received loss sale fixed assets profit sale fixed assets investments public issue expenditure written off operating profit before working capital changes adjustments for trade and other payables inventories trade receivables loan and advances other assets cash generated from operations add income tax paid translation gain loss minority share profit loss net cash flow from operating activities before after extraordinary items net cash from investing activities purchase sale fixed assets capital work progress increase creditors for capital goods purchase sale investments interest received sale fixed assets sale investments long term loans and advances net cash flow from investing activities cash flow from financing activities issue share capital dividend paid bank borrowings unsecured loan dividend and dividend distribution tax paid interest paid share application money received net cash flow from financing activities for the year ended for the year ended,Cash Flow
28,19058355_table_139,particulars cash flow from financing activities proceeds from issue equity shares including premium buyback equity share capital dividend paid dividend distribution tax paid proceeds from long term borrowings repayment long term borrowings proceeds from short term borrowings unpaid dividend account net bank depsoit escrow account and margin money interest paid net cash generated from financing activities net decrease increase cash and cash equivalents cash and cash equivalents the beginning the year cash and cash equivalents the end the year components cash and cash equivalents cash hand balances with banks current accounts total cash and cash equivalents note inr crores for the year ended march inr crores for the year ended march inr crores,Cash Flow
29,19058356_table_173,cash flow from operating activities profit before exceptional items and tax adjustments for share net profit loss associates and joint ventures accounted for using the equity method bad debts advances claims and deposits written off write back provision for doubful debts provision for doubtful debts depreciation and amortisation expense apportioned government grants income net loss disposal property plant and equipment net loss sale fair valuation investments finance costs interest income dividend income provision longer required operating profit before working capital changes adjustments for increase decrease trade and other receivables increase decrease inventories increase decrease trade and other payables cash generated from operations direct taxes paid net refunds cash flow before exceptional items exceptional items net net cash generated from operating activities cash flow from investing activities purchase property plant and equipment and intangible assets sale proceeds property plant and equipment purchase non current investments sale proceeds non current investments net sale current investments interest income received dividend income received net cash used investing activities year ended march year ended march,Cash Flow
30,19058356_table_174,cash flow from financing activities dividend paid dividend distribution tax paid interest paid proceeds from non current borrowings repayment non current borrowings proceeds repayment current borrowings net net cash generated from used financing activities change currency fluctuation reserve arising consolidation net increase cash and cash equivalents add cash and cash equivalents the beginning the year refer note cash and cash equivalents the end the year year ended march year ended march,Cash Flow
31,19058356_table_61,particulars cash flow from financing activities inflows proceeds from long term borrowings proceeds short term borrowings net outflows repayment long term borrowings dividend paid dividend distribution tax interest paid net cash used financing activities net increase decrease cash and bank balances add cash and cash equivalence beginning the year cash and cash equivalence end the year cash and cash equivalent per above comprises the following cash and cash equivalents refer note bank overdrafts refer note balances per statement cash flows year ended march year ended march,Cash Flow
32,19070958_table_167,cash flow from operating activities profit before tax per statement profit and loss adjustments for depreciation and amortisation interest income including fair value change financial instruments interest expenses including fair value change financial instruments measurement gains losses defined benefit plans dividend income profit sale investments net gain from foreign exchange fluctuation net loss sale discarding investment properties net loss sale discarding intangible assets net gain loss sale discarding property plant and equipments net sundry balances written back operating cash profit before working capital changes movement for working capital increase decrease trade payables increase decrease other liabilities increase decrease financial liabilities increase decrease provisions increase decrease loans and advances increase decrease financial assets increase decrease trade receivables increase decrease inventories cash generated used from operations direct taxes paid refund net net cash inflow outflow from operating activities cash flow from investing activities acquisition adjustments sale property plant and equipments investment properties intangible assets addition capital work progress net interest received dividend received decrease increase loans and advances for subsidiaries joint ventures net acquisition sale investments net increase decrease other assets net cash inflow outflow from investing activities cash flow from financing activities increase equity share capital including share premium proceeds from short term secured loan net proceeds from long term secured loan proceeds from short unsecured borrowings repayment short unsecured borrowings interest paid gross dividend paid including dividend distribution tax net cash inflow outflow from financing activities net increase decrease cash and cash equivalents add cash and cash equivalents the beginning the year cash and cash equivalents the end the year cash flow from operating activities profit before tax per statement profit and loss,Cash Flow
33,19073396_table_216,cash flow from operating activities net profit before tax per statement profit and loss adjusted for profit loss sale discard property plant and equipment net depreciation amortisation and depletion expense effect exchange rate change net gain financial assets dividend income interest income finance costs operating profit before working capital changes adjusted for trade and other receivables inventories trade and other payables cash generated from operations taxes paid net net cash flow from operating activities cash flow from investing activities purchase property plant and equipment and intangible assets proceeds from disposal property plant and equipment and intangible assets investments subsidiaries trusts disposal investments subsidiaries purchase other investments proceeds from sale financial assets net cash flow for other financial assets interest income dividend income from associates dividend income from others net cash flow used investing activities cash flow from operating activities cash flow from investing activities cash flow from operating activities cash flow from investing activities,Cash Flow
34,19442329_table_127,notes notes cash flow from operating activities profit before tax adjustments for depreciation amortisation and impairment expense allowance for doubtful trade receivables net unrealised foreign exchange gain net loss gain sale discard write off property plant equipments net gain sale investments finance cost interest income operating cashflows before working capital changes adjustments for changes working capital trade receivables loans and other assets inventories trade payables liabilities and provisions cash generated from operations direct taxes paid net cash from operating activities cash flow from investing activities acquisition business undertaking purchase property plant and equipment and intangible assets proceeds from sale property plant and equipment and intangible assets net gain sale investments investment corporate deposits purchase investments investment bank deposits other than cash and cash equivalents interest received net cash used investing activities cash flow from financing activities proceeds from long term borrowings repayment long term borrowings proceeds from repayment short term borrowings dividend paid including tax dividend finance cost paid net cash from used financing activities net decrease increase cash and cash equivalents effect exchange rate changes foreign currency cash and cash equivalents cash and cash equivalents transferred acquisition cash and cash equivalents beginning year cash and cash equivalents end year notes year ended mar year ended mar,Cash Flow
